{
    "foreign": "Outside of France",
    "aix-marseille": "Aix-Marseille",
    "amiens": "Amiens",
    "besancon": "Besan\u00e7on",
    "bordeaux": "Bordeaux",
    "caen": "Caen",
    "clermont": "Clermont-Ferrand",
    "corse": "Corse",
    "creteil": "Cr\u00e9teil",
    "dijon": "Dijon",
    "grenoble": "Grenoble",
    "guadeloupe": "Guadeloupe",
    "guyane": "Guyane",
    "lille": "Lille",
    "limoges": "Limoges",
    "lyon": "Lyon",
    "martinique": "Martinique",
    "mayotte": "Mayotte",
    "montpellier": "Montpellier",
    "nancy-metz": "Nancy-Metz",
    "nantes": "Nantes",
    "nice": "Nice",
    "noumea": "Noum\u00e9a",
    "orleans-tours": "Orl\u00e9ans-Tours",
    "paris": "Paris",
    "poitiers": "Poitiers",
    "rouen": "Rouen",
    "reims": "Reims",
    "rennes": "Rennes",
    "reunion": "La R\u00e9union",
    "strasbourg": "Strasbourg",
    "toulouse": "Toulouse",
    "versailles": "Versailles",
    "polynesie": "French Polynesia"
}