{
    "foreign": "Hors France",
    "aix-marseille": "Aix-Marseille",
    "amiens": "Amiens",
    "besancon": "Besançon",
    "bordeaux": "Bordeaux",
    "caen": "Caen",
    "clermont": "Clermont-Ferrand",
    "corse": "Corse",
    "creteil": "Créteil",
    "dijon": "Dijon",
    "grenoble": "Grenoble",
    "guadeloupe": "Guadeloupe",
    "guyane": "Guyane",
    "lille": "Lille",
    "limoges": "Limoges",
    "lyon": "Lyon",
    "martinique": "Martinique",
    "mayotte": "Mayotte",
    "montpellier": "Montpellier",
    "nancy-metz": "Nancy-Metz",
    "nantes": "Nantes",
    "nice": "Nice",
    "noumea": "Nouméa",
    "orleans-tours": "Orléans-Tours",
    "paris": "Paris",
    "poitiers": "Poitiers",
    "rouen": "Rouen",
    "reims": "Reims",
    "rennes": "Rennes",
    "reunion": "La Réunion",
    "strasbourg": "Strasbourg",
    "toulouse": "Toulouse",
    "versailles": "Versailles",
    "polynesie": "Polynésie française",
    "spm": "Saint-Pierre et Miquelon",
    "wf": "Wallis et Futuna"
}
